,0,1,2,3,4,5,6,7,8,9,10,11,12,13,14,15,16,17,18,19,20,21,22,23,24,25,26,27,28,29,30,31
0,3.2,3.2,3.1,3.1,3.1,3.1,3.1,3.1,3.1,3.1,3.1,3.1,3.1,3.1,3.2,3.1,3.1,3.0,3.1,3.1,3.0,3.0,3.0,3.0,3.0,3.1,3.0,3.0,3.0,3.0,3.1,3.0
1,3.3,3.3,3.2,3.2,3.0,3.1,3.1,3.1,3.2,3.1,3.1,3.1,3.0,3.1,3.1,3.1,3.1,3.0,3.0,3.0,3.0,3.1,3.1,3.0,3.0,3.0,3.0,3.0,3.0,3.0,3.1,3.0
2,3.2,3.1,3.1,3.1,3.1,3.1,3.2,3.1,3.1,3.1,3.1,3.1,3.2,3.1,3.1,3.1,3.1,3.0,3.0,3.0,3.0,3.0,2.9,3.0,3.0,3.0,3.1,3.0,3.1,3.1,3.1,3.2
3,3.3,3.2,3.1,3.1,3.1,3.1,3.1,3.1,3.2,3.1,3.2,3.2,3.1,3.1,3.1,3.0,3.1,3.1,3.0,3.1,3.0,3.1,3.0,3.0,3.0,3.0,3.0,3.0,3.0,3.0,3.0,3.0
4,3.1,3.1,3.1,3.0,3.0,3.2,3.2,3.1,3.2,3.1,3.1,3.1,3.1,3.1,3.2,3.0,3.1,3.1,3.1,3.0,3.0,3.0,3.1,3.1,3.0,3.0,3.0,3.0,3.0,3.0,3.0,3.1
5,3.1,3.1,3.1,3.1,3.1,3.1,3.1,3.1,3.1,3.1,3.1,3.1,3.1,3.1,3.1,3.1,3.1,3.1,3.1,3.1,3.0,3.1,3.1,3.1,3.0,3.0,3.0,3.0,3.1,3.1,3.0,3.0
6,3.2,3.1,3.1,3.1,3.1,3.1,3.1,3.1,3.2,3.2,3.1,3.2,3.2,3.2,3.1,3.1,3.1,3.0,3.0,3.0,3.0,3.0,3.0,3.0,3.0,3.0,3.0,3.0,3.0,3.0,3.0,3.0
7,3.2,3.1,3.1,3.1,3.1,3.1,3.1,3.1,3.1,3.1,3.1,3.2,3.1,3.1,3.1,3.1,3.2,3.1,3.0,3.1,3.1,3.0,3.0,3.1,3.0,2.9,3.0,3.0,3.0,3.0,3.0,3.0
8,3.2,3.1,3.0,3.1,3.0,3.1,3.1,3.1,3.2,3.2,3.1,3.2,3.1,3.1,3.1,3.1,3.1,3.0,3.1,3.0,3.1,3.0,3.1,3.0,3.0,3.0,3.0,3.0,3.0,3.0,3.0,3.0
9,3.3,3.2,3.2,3.0,3.0,3.0,3.0,3.1,3.2,3.1,3.1,3.1,3.2,3.1,3.1,3.0,3.1,3.0,3.0,3.1,3.1,3.1,3.0,3.1,3.0,3.0,3.0,3.0,3.0,3.0,3.0,3.0
10,3.2,3.1,3.1,3.0,3.0,3.1,3.1,3.1,3.2,3.2,3.1,3.2,3.1,3.2,3.2,3.1,3.1,3.0,3.1,3.1,3.0,3.1,3.1,3.1,2.9,3.0,3.0,3.0,2.9,2.9,3.0,3.0
11,3.2,3.1,3.1,3.1,3.1,3.1,3.1,3.2,3.2,3.2,3.2,3.2,3.2,3.2,3.1,3.1,3.1,3.1,3.1,3.0,3.0,3.1,3.0,3.0,3.0,3.0,2.9,2.9,2.9,3.0,3.0,2.9
12,3.3,3.3,3.3,3.2,3.2,3.1,3.1,3.1,3.1,3.1,3.1,3.1,3.1,3.0,3.1,3.1,3.0,3.1,3.0,3.0,3.1,3.1,3.0,3.0,3.0,3.0,3.0,3.0,3.0,2.9,3.0,3.0
13,3.2,3.2,3.1,3.1,3.1,3.0,3.1,3.1,3.1,3.2,3.2,3.1,3.1,3.1,3.1,3.1,3.1,3.1,3.1,3.1,3.1,3.1,3.0,3.0,3.0,3.0,2.9,3.0,3.0,3.0,3.1,3.1
14,3.2,3.1,3.1,3.1,3.1,3.1,3.1,3.1,3.2,3.1,3.1,3.1,3.1,3.1,3.1,3.1,3.1,3.1,3.2,3.1,3.1,3.1,3.1,3.1,3.1,3.0,3.0,3.0,3.1,3.0,3.1,3.1
15,3.2,3.1,3.1,3.0,3.1,3.1,3.1,3.1,3.1,3.1,3.1,3.1,3.1,3.1,3.2,3.1,3.1,3.1,3.1,3.1,3.1,3.1,3.0,3.0,3.0,3.0,3.0,3.0,3.0,3.0,3.1,3.0
16,3.2,3.2,3.1,3.1,3.2,3.1,3.1,3.1,3.1,3.1,3.1,3.1,3.2,3.1,3.1,3.1,3.1,3.0,3.0,3.0,3.0,3.0,3.0,3.0,3.0,3.0,3.0,3.0,3.0,3.0,3.0,3.1
17,3.2,3.1,3.1,3.0,3.0,3.1,3.1,3.1,3.1,3.1,3.1,3.1,3.1,3.1,3.0,3.1,3.1,3.1,3.1,3.1,3.1,3.1,3.0,3.1,3.0,3.1,3.0,3.0,3.0,3.1,3.0,3.0
18,3.1,3.2,3.1,3.2,3.2,3.2,3.2,3.2,3.2,3.2,3.2,3.2,3.2,3.2,3.1,3.0,3.1,3.1,3.1,3.0,3.0,3.0,3.0,3.0,2.9,2.9,3.0,3.0,3.0,3.0,3.0,2.9
19,3.1,3.1,3.1,3.2,3.1,3.2,3.2,3.2,3.2,3.2,3.2,3.2,3.2,3.1,3.1,3.1,3.0,3.1,3.1,3.1,3.1,3.0,3.0,3.0,2.9,2.9,2.9,2.9,3.0,3.0,3.0,3.0
20,3.1,3.0,3.0,3.1,3.1,3.1,3.1,3.2,3.1,3.1,3.1,3.2,3.1,3.1,3.1,3.1,3.0,3.1,3.1,3.1,3.1,3.1,3.1,3.1,3.0,3.0,3.0,3.0,3.1,3.1,3.0,3.0
21,3.1,3.1,3.0,3.1,3.1,3.1,3.1,3.1,3.1,3.1,3.1,3.1,3.1,3.1,3.1,3.1,3.1,3.1,3.1,3.0,3.1,3.1,3.0,3.0,3.0,3.1,3.0,3.0,3.1,3.1,3.0,3.1
22,3.1,3.0,3.1,3.1,3.1,3.1,3.1,3.1,3.1,3.2,3.1,3.1,3.1,3.1,3.1,3.1,3.1,3.1,3.1,3.1,3.1,3.1,3.1,3.1,3.0,3.0,3.0,3.0,3.1,3.0,3.0,3.0
23,3.1,3.1,3.1,3.2,3.1,3.1,3.1,3.1,3.1,3.1,3.2,3.1,3.1,3.1,3.1,3.0,3.1,3.1,3.1,3.1,3.1,3.1,3.0,3.0,3.0,3.0,3.1,3.0,3.1,3.1,3.0,3.0
24,3.1,3.1,3.1,3.0,3.1,3.1,3.1,3.1,3.1,3.1,3.1,3.1,3.1,3.1,3.1,3.1,3.1,3.1,3.1,3.1,3.0,3.0,3.1,3.0,3.0,3.0,3.0,3.0,3.0,3.0,3.0,3.0
25,3.3,3.2,3.2,3.2,3.2,3.2,3.3,3.2,3.2,3.3,3.2,3.2,3.1,3.1,3.1,3.1,3.1,3.1,3.1,3.0,3.0,3.0,3.0,2.9,3.0,2.9,2.9,3.0,2.9,2.9,2.9,2.9
26,3.1,3.1,3.1,3.2,3.1,3.2,3.2,3.1,3.2,3.1,3.1,3.0,3.1,3.1,3.1,3.0,3.0,3.1,3.1,3.0,3.0,3.0,3.0,3.0,3.1,3.0,3.0,3.0,3.1,3.1,3.0,3.1
27,3.1,3.1,3.1,3.1,3.2,3.1,3.1,3.1,3.2,3.1,3.1,3.1,3.1,3.1,3.1,3.1,3.1,3.1,3.1,3.0,3.1,3.0,3.0,3.1,3.1,3.0,3.0,3.0,3.1,3.0,2.9,3.0
28,3.1,3.0,3.0,3.1,3.1,3.2,3.1,3.1,3.1,3.1,3.1,3.1,3.1,3.1,3.1,3.1,3.1,3.1,3.0,3.1,3.1,3.1,3.0,3.1,3.0,3.0,3.1,3.0,3.0,3.0,3.0,3.0
29,3.3,3.3,3.3,3.3,3.2,3.2,3.3,3.3,3.2,3.2,3.2,3.3,3.2,3.1,3.2,3.1,3.0,3.1,3.0,3.1,3.0,2.9,3.0,2.9,2.9,2.9,2.9,2.8,2.8,2.8,2.8,2.7
30,3.3,3.2,3.3,3.2,3.1,3.1,3.1,3.1,3.1,3.1,3.1,3.1,3.1,3.0,3.0,3.1,3.0,3.1,3.0,3.0,3.0,3.0,3.0,3.0,3.0,3.0,3.0,3.1,3.0,3.1,3.1,3.1
31,3.1,3.1,3.2,3.2,3.2,3.2,3.2,3.1,3.1,3.2,3.1,3.1,3.0,3.1,3.1,3.1,3.0,3.0,3.0,3.0,3.0,2.9,3.0,3.0,3.0,3.0,3.1,3.1,3.1,3.1,3.0,3.0
32,3.1,3.1,3.1,3.2,3.1,3.1,3.0,3.0,3.1,3.1,3.1,3.1,3.1,3.1,3.0,3.0,3.1,3.1,3.1,3.1,3.1,3.1,3.1,3.0,3.0,3.1,3.0,3.1,3.1,3.1,3.0,3.1
33,3.1,3.0,3.1,3.2,3.1,3.2,3.2,3.1,3.2,3.1,3.1,3.1,3.1,3.1,3.1,3.0,3.0,3.0,3.1,3.0,3.0,3.0,3.0,3.0,3.1,3.0,3.0,3.1,3.1,3.1,3.1,3.0
34,3.1,3.1,3.0,3.1,3.1,3.1,3.1,3.2,3.1,3.1,3.1,3.1,3.1,3.1,3.1,3.1,3.1,3.1,3.0,3.0,3.1,3.0,3.1,3.0,3.0,3.0,3.0,3.1,3.1,3.0,3.0,3.1
35,3.1,3.1,3.1,3.1,3.1,3.1,3.1,3.2,3.1,3.2,3.1,3.1,3.1,3.1,3.1,3.0,3.1,3.1,3.1,3.1,3.1,3.1,3.0,3.0,3.1,3.0,3.0,3.0,3.0,3.0,3.0,3.0
36,3.1,3.1,3.2,3.2,3.1,3.2,3.1,3.2,3.1,3.1,3.1,3.1,3.1,3.1,3.1,3.0,3.1,3.0,3.1,3.0,3.0,3.0,3.0,3.1,3.1,3.0,3.1,3.0,3.0,3.0,3.0,3.0
37,3.1,3.1,3.1,3.1,3.1,3.1,3.1,3.1,3.2,3.1,3.1,3.1,3.0,3.1,3.1,3.0,3.1,3.1,3.0,3.1,3.1,3.1,3.0,3.0,3.0,3.0,3.0,3.0,3.0,3.0,3.0,3.0
38,3.1,3.0,3.1,3.1,3.1,3.1,3.1,3.1,3.1,3.2,3.1,3.1,3.1,3.1,3.0,3.1,3.1,3.1,3.1,3.0,3.1,3.0,3.0,3.0,3.1,3.0,3.1,3.1,3.1,3.1,3.0,3.0
39,3.0,3.0,3.0,3.1,3.1,3.1,3.1,3.1,3.1,3.2,3.2,3.2,3.1,3.2,3.1,3.1,3.0,3.1,3.1,3.1,3.1,3.0,3.0,3.1,3.1,3.0,3.1,3.1,3.1,3.0,3.0,3.0
40,3.0,3.1,3.0,3.0,3.1,3.1,3.2,3.2,3.2,3.2,3.1,3.1,3.1,3.1,3.0,3.1,3.0,3.1,3.0,3.0,3.0,3.1,3.0,3.0,3.0,3.1,3.0,3.0,3.1,3.2,3.0,3.0
41,3.1,3.0,3.1,3.1,3.1,3.1,3.1,3.0,3.1,3.1,3.1,3.1,3.1,3.1,3.1,3.1,3.1,3.1,3.0,3.1,3.1,3.0,3.1,3.1,3.1,3.0,3.0,3.0,3.1,3.0,3.0,3.0
42,3.1,3.0,3.1,3.0,3.1,3.1,3.1,3.1,3.2,3.2,3.2,3.2,3.1,3.1,3.1,3.1,3.1,3.1,3.0,3.1,3.1,3.0,3.1,3.1,3.1,3.0,3.0,3.1,3.0,3.0,3.0,2.9
43,3.0,3.0,3.0,3.0,3.1,3.1,3.2,3.1,3.1,3.1,3.1,3.1,3.1,3.1,3.1,3.1,3.1,3.2,3.1,3.1,3.0,3.1,3.0,3.0,3.1,3.0,3.1,3.0,3.0,3.1,3.0,3.0
44,3.0,3.0,3.0,3.1,3.1,3.1,3.2,3.1,3.1,3.1,3.2,3.2,3.1,3.1,3.1,3.1,3.1,3.1,3.1,3.0,3.1,3.1,3.1,3.0,3.0,3.0,2.9,3.0,3.0,3.0,3.0,3.0
45,3.1,3.0,3.0,3.1,3.1,3.2,3.2,3.1,3.1,3.1,3.1,3.1,3.1,3.1,3.1,3.1,3.1,3.1,3.0,3.1,3.1,3.1,3.1,3.1,3.0,3.0,3.0,3.0,3.0,3.0,3.0,3.0
46,3.2,3.1,3.1,3.1,3.1,3.2,3.1,3.2,3.2,3.2,3.2,3.1,3.2,3.1,3.1,3.1,3.1,3.0,3.1,3.1,3.1,3.1,3.0,3.1,3.0,3.0,2.9,2.9,2.9,2.9,2.9,2.9
47,3.1,3.1,3.1,3.0,3.1,3.1,3.1,3.1,3.1,3.2,3.1,3.1,3.1,3.1,3.1,3.0,3.1,3.1,3.1,3.1,3.1,3.1,3.0,3.0,3.0,3.0,3.0,3.0,3.0,3.1,3.1,3.2
48,3.1,3.0,3.1,3.1,3.1,3.3,3.1,3.2,3.1,3.1,3.1,3.0,3.1,3.1,3.1,3.1,3.1,3.1,3.1,3.1,3.1,3.0,3.0,3.1,3.0,3.0,3.0,3.0,3.0,3.0,3.0,3.0
49,3.1,3.0,3.0,3.1,3.1,3.1,3.1,3.0,3.1,3.2,3.1,3.1,3.1,3.1,3.1,3.1,3.1,3.1,3.1,3.1,3.1,3.0,3.1,3.0,3.1,3.0,3.0,3.0,3.0,3.0,3.0,3.0
50,3.1,3.0,3.0,3.1,3.1,3.1,3.1,3.1,3.2,3.2,3.1,3.2,3.1,3.1,3.1,3.1,3.2,3.1,3.1,3.1,3.1,3.1,3.0,3.0,3.1,3.0,3.0,3.0,3.0,3.0,3.0,3.0
51,3.1,3.0,3.1,3.1,3.1,3.1,3.1,3.2,3.1,3.1,3.1,3.2,3.2,3.2,3.1,3.1,3.1,3.1,3.1,3.1,3.1,3.1,3.0,3.0,3.0,3.0,3.0,3.0,3.0,3.1,3.0,2.9
52,3.1,3.0,3.1,3.1,3.0,3.2,3.2,3.1,3.1,3.1,3.1,3.1,3.1,3.1,3.1,3.1,3.1,3.1,3.1,3.1,3.1,3.1,3.1,3.1,3.0,3.0,3.0,3.0,3.1,2.9,2.9,2.9
53,3.0,3.1,3.1,3.1,3.1,3.2,3.2,3.2,3.1,3.2,3.2,3.2,3.2,3.2,3.1,3.1,3.0,3.0,3.0,3.1,3.1,3.1,3.1,3.0,3.0,3.0,3.0,3.0,3.0,3.0,3.0,2.9
54,3.0,3.0,3.1,3.1,3.2,3.2,3.2,3.1,3.2,3.2,3.1,3.1,3.1,3.1,3.1,3.1,3.1,3.1,3.1,3.0,3.0,3.0,3.0,3.1,3.0,3.1,3.0,3.1,3.0,3.0,3.0,3.0
55,3.2,3.1,3.1,3.1,3.1,3.2,3.2,3.2,3.1,3.1,3.2,3.1,3.2,3.1,3.1,3.1,3.1,3.0,3.0,3.1,3.0,3.0,3.1,3.0,3.0,3.0,3.1,3.1,3.1,3.1,3.1,3.0
56,3.1,3.0,3.1,3.1,3.1,3.1,3.1,3.2,3.2,3.1,3.2,3.1,3.2,3.1,3.1,3.1,3.1,3.1,3.1,3.0,3.0,3.0,3.0,3.1,3.0,3.0,3.1,3.0,3.0,3.0,3.0,3.0
57,3.1,3.1,3.1,3.0,3.0,3.1,3.1,3.2,3.1,3.2,3.2,3.2,3.1,3.1,3.1,3.1,3.1,3.1,3.1,3.1,3.1,3.0,3.1,3.0,3.0,3.0,3.0,3.1,3.0,3.0,2.9,2.9
58,3.1,3.0,3.1,3.1,3.1,3.1,3.2,3.2,3.1,3.2,3.2,3.2,3.1,3.2,3.2,3.1,3.1,3.1,3.2,3.1,3.1,3.0,3.0,3.0,3.0,3.0,3.0,3.0,3.0,3.0,3.0,2.9
59,3.2,3.2,3.0,3.1,3.1,3.1,3.2,3.2,3.2,3.2,3.2,3.2,3.2,3.2,3.1,3.1,3.1,3.1,3.1,3.2,3.1,3.1,3.0,3.0,3.0,2.9,3.0,3.0,2.9,2.9,2.8,2.8
60,3.2,3.2,3.1,3.1,3.1,3.1,3.1,3.1,3.1,3.1,3.2,3.1,3.2,3.1,3.1,3.0,3.0,3.1,3.0,3.0,3.1,3.0,3.1,3.0,3.0,3.0,3.0,3.0,3.0,3.0,3.0,3.1
61,3.1,3.1,3.0,3.1,3.1,3.1,3.2,3.1,3.0,3.0,3.2,3.0,3.1,3.0,3.0,3.1,3.0,3.1,3.0,3.0,3.0,3.0,3.0,3.1,3.1,3.1,3.1,3.0,3.0,3.2,3.2,3.2
62,3.0,3.0,3.1,3.0,3.1,3.1,3.1,3.1,3.1,3.1,3.1,3.1,3.1,3.1,3.1,3.1,3.1,3.1,3.1,3.1,3.1,3.0,3.0,3.0,3.1,3.0,3.0,3.0,3.2,3.1,3.0,3.0
63,3.0,3.0,3.0,3.1,3.0,3.1,3.1,3.1,3.1,3.1,3.2,3.2,3.1,3.1,3.1,3.1,3.1,3.1,3.1,3.1,3.0,3.0,3.1,3.1,3.1,3.1,3.1,3.0,3.1,3.1,3.1,3.0
64,3.0,3.0,3.1,3.1,3.0,3.1,3.1,3.1,3.1,3.1,3.1,3.1,3.1,3.1,3.1,3.1,3.1,3.1,3.1,3.1,3.1,3.1,3.0,3.0,3.1,3.0,3.1,3.0,3.1,3.1,3.0,3.0
65,3.1,3.0,3.1,3.1,3.1,3.1,3.1,3.1,3.2,3.2,3.1,3.1,3.1,3.1,3.1,3.1,3.1,3.1,3.0,3.1,3.1,3.1,3.1,3.0,3.0,3.0,3.1,3.1,3.0,3.0,3.0,3.0
66,3.0,3.0,3.1,3.0,3.0,3.1,3.1,3.2,3.1,3.1,3.1,3.1,3.1,3.1,3.1,3.1,3.0,3.1,3.1,3.0,3.2,3.1,3.1,3.1,3.1,3.1,3.1,3.1,3.1,3.1,3.0,3.0
67,3.1,3.1,3.1,3.2,3.1,3.2,3.3,3.2,3.3,3.1,3.1,3.2,3.2,3.2,3.1,3.1,3.1,3.1,3.1,3.1,3.1,3.1,3.0,3.0,3.0,2.9,3.0,3.1,3.0,2.9,2.8,2.8
68,3.1,3.0,3.0,3.1,3.1,3.2,3.2,3.1,3.1,3.2,3.1,3.1,3.1,3.1,3.1,3.1,3.0,3.1,3.0,3.0,3.1,3.0,3.1,3.0,3.1,3.1,3.1,3.0,3.1,3.1,3.1,3.1
69,3.1,3.1,3.0,3.1,3.2,3.1,3.1,3.1,3.2,3.1,3.1,3.1,3.1,3.1,3.1,3.1,3.1,3.1,3.1,3.1,3.1,3.0,3.1,3.0,3.0,3.0,3.0,3.1,3.0,3.0,3.0,3.0
70,3.0,3.0,3.0,3.0,3.1,3.1,3.1,3.1,3.1,3.1,3.1,3.1,3.1,3.1,3.1,3.1,3.1,3.1,3.1,3.1,3.1,3.1,3.1,3.1,3.1,3.0,3.1,3.1,3.0,3.0,3.0,3.0
71,3.0,3.0,3.1,3.1,3.1,3.1,3.1,3.1,3.1,3.1,3.1,3.1,3.1,3.1,3.1,3.1,3.2,3.1,3.1,3.1,3.1,3.0,3.1,3.1,3.0,3.1,3.1,3.1,3.0,3.0,3.0,3.0
72,3.1,3.1,3.1,3.1,3.1,3.1,3.1,3.0,3.1,3.1,3.0,3.1,3.0,3.1,3.1,3.1,3.1,3.1,3.1,3.0,3.0,3.0,3.0,3.0,3.0,3.0,2.9,3.0,2.9,3.0,3.2,3.4
73,3.1,3.1,3.2,3.1,3.2,3.1,3.1,3.1,3.1,3.1,3.0,3.1,3.1,3.1,3.0,3.1,3.1,3.1,3.1,3.1,3.1,3.0,3.0,3.0,3.0,3.0,2.9,2.9,3.0,3.1,3.3,3.3
74,3.2,3.2,3.2,3.3,3.2,3.2,3.2,3.1,3.1,3.2,3.2,3.1,3.0,3.1,3.0,3.1,3.0,3.0,2.9,3.1,3.0,3.0,3.0,2.9,2.9,2.9,3.0,3.2,3.0,3.0,3.0,3.1
75,2.8,2.8,2.8,2.8,2.7,2.8,2.7,2.9,2.9,2.9,2.8,2.8,2.9,2.9,2.9,2.9,2.9,3.0,2.9,3.0,3.0,3.0,3.1,3.1,3.2,3.5,3.6,3.7,3.8,3.7,3.7,3.7
76,3.0,3.0,3.0,3.1,3.0,3.0,3.0,3.1,3.0,3.0,3.1,3.1,3.0,3.0,3.0,3.0,2.9,2.9,3.0,3.0,3.0,2.9,2.9,3.0,3.2,3.3,3.4,3.4,3.4,3.4,3.4,3.4
77,3.0,3.1,3.0,3.0,3.0,3.0,3.1,3.0,3.0,3.0,3.0,2.9,2.9,2.9,2.9,2.9,2.9,2.9,2.9,2.8,2.9,2.9,3.0,3.2,3.3,3.4,3.4,3.4,3.4,3.4,3.4,3.4
78,3.0,3.0,3.0,3.0,3.0,3.0,3.0,2.9,2.9,2.9,2.8,2.8,2.8,2.9,2.9,2.9,2.9,2.8,2.8,3.0,3.1,3.2,3.4,3.4,3.3,3.3,3.4,3.3,3.3,3.4,3.4,3.4
79,2.9,3.0,3.0,2.9,3.0,2.9,2.9,2.9,2.9,2.9,2.9,2.9,2.9,2.9,2.9,2.9,2.9,2.9,3.1,3.3,3.3,3.3,3.3,3.4,3.3,3.3,3.3,3.3,3.3,3.4,3.3,3.2
80,3.0,3.1,3.1,3.0,3.0,3.0,3.0,3.1,3.0,3.0,3.0,3.0,3.0,2.9,2.9,2.9,2.8,2.8,3.0,3.1,3.2,3.3,3.2,3.2,3.2,3.2,3.2,3.3,3.3,3.3,3.2,3.2
81,3.0,3.1,3.0,3.0,3.0,3.0,3.0,3.0,3.0,3.0,2.9,3.0,2.9,3.0,2.9,2.9,2.9,3.0,3.1,3.2,3.2,3.2,3.2,3.2,3.2,3.2,3.2,3.2,3.2,3.3,3.2,3.2
82,2.8,2.8,2.8,2.8,2.7,2.8,2.7,2.8,2.8,2.8,2.8,2.8,2.8,2.8,2.8,2.7,2.8,2.9,3.1,3.3,3.4,3.5,3.5,3.4,3.5,3.5,3.5,3.5,3.5,3.5,3.5,3.4
83,3.0,3.0,3.0,3.0,3.0,3.0,3.0,2.9,2.9,2.9,2.9,2.9,2.9,2.9,2.8,2.8,2.8,2.9,3.0,3.2,3.3,3.3,3.3,3.4,3.3,3.4,3.3,3.4,3.3,3.3,3.2,3.2
84,3.0,3.0,2.9,2.9,3.0,3.0,2.9,2.9,3.0,2.9,2.9,2.9,2.9,2.9,2.9,2.8,2.9,2.9,3.0,3.2,3.3,3.3,3.3,3.3,3.4,3.3,3.3,3.3,3.3,3.3,3.3,3.2
85,3.0,3.0,2.9,2.9,2.9,2.9,2.9,2.9,2.9,2.9,2.9,2.9,2.9,2.9,2.9,2.8,2.9,2.9,3.2,3.3,3.3,3.3,3.4,3.5,3.3,3.4,3.3,3.3,3.3,3.3,3.2,3.1
86,2.9,2.9,2.8,2.7,2.8,2.8,2.8,2.8,2.8,2.8,2.8,2.9,3.0,3.0,2.9,2.9,2.9,2.9,3.2,3.2,3.4,3.4,3.4,3.4,3.5,3.4,3.4,3.4,3.4,3.4,3.2,3.2
87,3.0,3.0,3.0,2.9,3.0,3.0,2.9,2.9,3.0,3.0,2.9,2.9,2.9,2.8,2.8,2.8,2.8,2.9,3.1,3.3,3.3,3.3,3.3,3.4,3.3,3.3,3.2,3.4,3.3,3.3,3.1,3.2
88,3.0,3.0,3.0,3.0,3.1,3.0,2.9,2.9,3.0,2.9,2.9,3.0,2.9,3.0,2.9,2.9,2.9,3.0,3.2,3.3,3.2,3.2,3.1,3.1,3.2,3.2,3.3,3.2,3.2,3.2,3.2,3.3
89,2.7,2.7,2.9,3.0,3.1,3.2,3.3,3.3,3.3,3.3,3.2,3.2,3.2,3.2,3.1,3.1,3.0,3.0,3.0,3.0,3.0,3.0,3.0,3.1,3.0,3.0,3.1,3.1,3.1,3.0,3.0,3.1
90,2.5,2.6,2.7,3.0,3.0,3.1,3.1,3.1,3.1,3.1,3.2,3.2,3.1,3.1,3.1,3.1,3.0,3.0,2.9,3.0,3.0,3.1,3.2,3.3,3.2,3.3,3.3,3.2,3.3,3.2,3.2,3.2
91,2.8,2.8,3.0,3.2,3.2,3.2,3.2,3.2,3.2,3.1,3.0,3.1,3.0,3.1,3.1,3.0,3.0,2.9,3.0,2.9,3.0,3.0,3.1,3.1,3.2,3.2,3.1,3.1,3.1,3.1,3.1,3.1
92,2.8,2.9,2.9,3.2,3.1,3.2,3.1,3.1,3.2,3.2,3.2,3.2,3.1,3.1,3.1,3.1,3.0,2.9,3.0,2.9,3.0,3.0,3.0,3.1,3.1,3.1,3.0,3.1,3.1,3.1,3.1,3.1
93,2.7,2.7,2.9,3.0,3.1,3.2,3.1,3.3,3.2,3.2,3.2,3.2,3.1,3.2,3.0,3.0,3.0,2.9,3.0,2.9,2.9,3.0,3.1,3.1,3.2,3.1,3.2,3.2,3.2,3.2,3.1,3.1
94,2.8,2.9,2.9,3.1,3.1,3.1,3.2,3.1,3.2,3.1,3.1,3.2,3.1,3.1,3.0,3.0,3.0,3.0,3.0,3.0,3.0,3.1,3.1,3.2,3.1,3.1,3.1,3.1,3.1,3.1,3.1,3.1
95,2.9,2.9,3.1,3.1,3.1,3.1,3.1,3.1,3.1,3.1,3.0,3.1,3.1,3.1,3.1,3.1,3.1,3.0,3.1,3.1,3.1,3.1,3.1,3.1,3.0,3.0,3.1,3.1,3.1,3.1,3.0,3.0
96,2.5,2.6,2.8,3.1,3.2,3.1,3.2,3.1,3.1,3.1,3.1,3.1,3.1,3.1,2.9,2.9,2.9,2.9,2.9,3.0,3.0,3.1,3.2,3.2,3.2,3.2,3.2,3.3,3.3,3.3,3.2,3.2
97,2.7,2.7,2.8,3.0,3.1,3.2,3.2,3.2,3.2,3.2,3.2,3.2,3.3,3.2,3.1,3.0,3.1,3.0,3.0,3.0,3.0,3.1,3.1,3.2,3.1,3.1,3.1,3.1,3.1,3.1,3.1,3.1
98,2.7,2.8,2.8,3.0,3.1,3.2,3.1,3.1,3.1,3.2,3.2,3.2,3.3,3.1,3.1,3.1,2.9,2.9,3.0,3.0,3.0,3.1,3.1,3.1,3.1,3.2,3.1,3.1,3.1,3.1,3.0,3.2
99,2.7,2.9,2.9,3.1,3.2,3.2,3.1,3.0,3.1,3.2,3.2,3.1,3.1,3.2,3.1,3.1,2.9,2.9,3.0,3.0,3.0,3.0,3.1,3.1,3.1,3.2,3.1,3.2,3.2,3.2,3.1,3.2
100,2.8,2.8,2.9,3.0,3.1,3.2,3.2,3.2,3.3,3.3,3.2,3.2,3.1,3.2,3.0,3.1,3.0,2.9,3.0,2.9,2.9,3.0,3.0,3.1,3.1,3.1,3.1,3.1,3.2,3.1,3.1,3.2
101,2.8,2.8,2.9,3.0,3.1,3.1,3.1,3.0,3.1,3.0,3.1,3.2,3.1,3.2,3.0,3.3,2.9,3.0,3.0,3.0,3.0,3.1,3.0,3.0,3.1,3.1,3.3,3.2,3.3,3.2,3.1,3.2
102,3.3,3.1,3.1,3.0,3.0,3.0,3.1,3.1,3.1,3.1,3.1,3.1,3.1,3.2,3.1,3.1,3.2,3.1,3.1,3.1,3.1,3.1,3.1,3.0,3.0,3.0,3.0,2.9,3.0,3.0,3.0,3.1
103,3.4,3.2,3.1,3.0,3.0,3.0,3.1,3.1,3.1,3.1,3.1,3.1,3.1,3.1,3.1,3.1,3.1,3.1,3.1,3.2,3.0,3.1,3.1,3.1,3.1,3.0,3.0,2.9,3.0,3.0,3.0,3.0
104,3.3,3.1,3.1,3.0,3.0,3.0,3.0,3.0,3.1,3.0,3.2,3.1,3.1,3.1,3.1,3.1,3.1,3.1,3.1,3.1,3.0,3.1,3.2,3.0,3.1,3.1,3.0,3.0,3.0,3.0,3.0,3.0
105,3.3,3.2,3.1,3.0,3.1,3.0,3.1,3.1,3.1,3.1,3.2,3.1,3.2,3.2,3.1,3.1,3.1,3.1,3.0,3.1,3.0,3.1,3.1,3.1,3.0,3.0,3.0,3.0,3.0,3.1,3.0,3.0
106,3.1,3.1,3.1,3.2,3.2,3.2,3.2,3.2,3.1,3.0,3.0,2.9,2.9,2.9,2.9,2.9,2.9,3.0,3.1,3.1,3.1,3.1,3.1,3.1,3.1,3.1,3.1,3.1,3.2,3.1,3.1,3.0
107,3.1,3.2,3.2,3.2,3.2,3.1,3.1,3.1,3.1,2.9,2.9,2.9,2.9,2.9,2.9,2.9,2.9,3.0,2.9,3.1,3.0,3.1,3.1,3.2,3.0,3.1,3.2,3.2,3.3,3.3,3.4,3.2
108,3.1,3.2,3.1,3.1,3.1,3.1,3.2,3.1,3.1,3.0,3.0,3.0,2.9,3.0,3.0,2.9,3.0,3.0,3.0,3.1,3.1,3.0,3.1,3.2,3.1,3.1,3.1,3.1,3.2,3.2,3.2,3.1
109,3.1,3.1,3.1,3.2,3.1,3.2,3.1,3.1,3.1,3.0,3.0,3.0,2.9,2.9,3.0,3.1,3.0,3.1,3.2,3.1,3.1,3.1,3.1,3.1,3.0,3.1,3.1,3.1,3.1,3.1,3.2,3.1
110,3.2,3.2,3.2,3.2,3.1,3.2,3.1,3.1,3.1,3.0,3.0,3.0,3.0,3.0,3.0,3.0,3.0,3.1,3.1,3.1,3.1,3.1,3.1,3.1,3.2,3.0,3.1,3.0,3.1,3.1,3.1,3.0
111,3.1,3.1,3.1,3.1,3.0,3.1,3.1,3.1,3.1,3.0,3.0,2.9,2.9,2.9,2.9,3.0,3.0,3.1,3.1,3.1,3.2,3.1,3.1,3.1,3.1,3.2,3.1,3.2,3.1,3.2,3.1,3.1
112,3.1,3.1,3.2,3.1,3.0,3.2,3.1,3.2,3.1,3.0,3.1,2.9,2.9,2.9,3.0,3.0,3.1,3.1,3.1,3.1,3.1,3.0,3.1,3.0,3.1,3.0,3.0,3.2,3.2,3.1,3.1,3.0
113,3.1,3.2,3.1,3.1,3.1,3.2,3.2,3.2,3.1,3.0,3.0,3.0,2.9,2.9,3.0,3.0,3.1,3.1,3.0,3.1,3.1,3.1,3.1,3.1,3.1,3.1,3.1,3.1,3.1,3.0,3.2,3.0
114,3.1,3.1,3.1,3.1,3.1,3.1,3.1,3.1,3.1,3.1,3.1,3.0,3.0,3.0,3.0,3.0,3.0,3.0,3.0,3.1,3.1,3.1,3.0,3.2,3.1,3.2,3.1,3.1,3.1,3.1,3.1,3.1
115,3.1,3.2,3.2,3.1,3.1,3.2,3.2,3.1,3.1,3.0,3.0,3.0,2.9,2.9,3.0,3.0,3.0,3.0,3.1,3.1,3.1,3.2,3.1,3.1,3.2,3.1,3.0,3.1,3.1,3.1,3.1,3.0
116,3.2,3.2,3.2,3.1,3.1,3.3,3.2,3.1,3.1,3.1,3.0,3.0,3.0,2.9,2.9,2.9,2.9,3.0,3.0,3.1,3.1,3.1,3.1,3.1,3.1,3.0,3.0,3.1,3.2,3.0,3.1,3.0
117,3.4,3.3,3.4,3.3,3.3,3.3,3.4,3.3,3.2,3.2,3.1,3.1,3.1,3.0,2.9,3.0,3.1,3.0,3.1,3.1,3.0,3.1,3.0,2.9,2.9,2.8,2.8,3.0,2.9,2.9,2.9,2.9
118,3.3,3.2,3.1,3.1,3.1,3.1,3.1,3.0,3.2,3.1,3.1,3.1,3.0,3.0,2.8,2.8,2.8,2.9,2.9,3.1,3.0,3.0,3.1,3.2,3.2,3.1,3.2,3.2,3.0,3.2,3.3,3.2
119,3.3,3.2,2.9,3.0,2.9,3.0,2.9,3.0,3.1,3.0,3.0,2.9,3.1,3.2,3.0,3.0,3.0,3.0,3.1,3.0,3.2,3.2,3.1,3.2,3.1,3.0,3.2,3.1,3.1,3.1,3.1,3.1
120,2.8,2.9,2.9,3.0,2.9,3.0,3.0,3.1,3.1,3.1,3.0,3.0,3.0,2.9,3.0,3.0,3.1,3.1,3.1,3.1,3.2,3.2,3.2,3.1,3.1,3.1,3.2,3.1,3.2,3.3,3.3,3.2
121,3.1,3.1,3.1,3.1,3.1,3.1,3.1,3.1,3.1,3.0,3.0,2.9,2.9,3.0,2.9,3.0,3.0,3.0,3.1,3.0,3.1,3.1,3.1,3.1,3.2,3.1,3.1,3.1,3.1,3.2,3.2,3.1
122,3.0,3.1,3.0,3.1,3.2,3.2,3.1,3.1,3.1,3.0,3.0,2.9,2.8,2.9,3.0,3.0,3.1,3.1,3.1,3.1,3.1,3.1,3.2,3.1,3.2,3.1,3.1,3.2,3.1,3.2,3.2,3.1
123,3.2,3.2,3.1,3.1,3.1,3.1,3.1,3.1,3.1,3.0,3.0,3.0,2.9,2.9,3.0,2.9,3.0,3.0,3.1,3.1,3.1,3.1,3.0,3.2,3.1,3.2,3.2,3.2,3.2,3.2,3.2,3.1
124,3.2,3.2,3.2,3.2,3.2,3.2,3.1,3.1,3.1,3.0,3.0,3.0,2.9,2.9,2.9,3.0,3.0,3.0,3.1,3.1,3.1,3.1,3.1,3.1,3.1,3.1,3.1,3.1,3.1,3.1,3.1,3.1
125,3.2,3.1,3.1,3.1,3.1,3.2,3.2,3.2,3.1,2.9,2.9,2.9,2.9,3.0,2.9,3.0,3.0,3.0,3.1,3.1,3.1,3.1,3.1,3.1,3.1,3.2,3.1,3.1,3.1,3.2,3.1,3.1
126,3.2,3.1,3.2,3.1,3.1,3.1,3.1,3.1,3.1,3.1,3.0,3.0,2.9,2.9,2.9,3.0,3.0,3.0,3.1,3.0,3.1,3.1,3.1,3.2,3.1,3.1,3.1,3.1,3.1,3.2,3.2,3.1
127,3.2,3.2,3.1,3.1,3.1,3.1,3.1,3.1,3.1,3.0,2.9,3.0,2.9,3.1,2.9,3.0,3.1,3.1,3.1,3.1,3.1,3.0,3.1,3.1,3.1,3.1,3.1,3.1,3.1,3.1,3.1,3.0
128,3.1,3.2,3.1,3.1,3.1,3.2,3.1,3.1,3.2,3.0,3.1,2.9,2.9,3.1,2.9,3.0,3.0,3.1,3.1,3.1,3.1,3.1,3.1,3.0,3.1,3.0,3.1,3.1,3.1,3.1,3.1,3.0
129,3.1,3.1,3.1,3.1,3.1,3.1,3.2,3.0,3.1,3.0,3.0,2.9,2.9,2.9,3.0,3.0,3.0,3.1,3.1,3.1,3.1,3.1,3.1,3.1,3.2,3.2,3.2,3.2,3.2,3.2,3.2,3.2
130,3.2,3.2,3.2,3.1,3.1,3.2,3.2,3.1,3.1,3.1,3.1,3.0,2.9,3.0,2.9,2.9,2.9,3.0,3.0,3.1,3.1,3.1,3.1,3.1,3.1,3.0,3.1,3.1,3.1,3.0,3.1,3.0
131,3.3,3.2,3.2,3.2,3.2,3.1,3.1,3.2,3.2,3.1,3.1,3.0,2.9,2.9,2.9,3.0,3.0,3.0,3.1,3.1,3.0,3.1,3.1,3.0,3.1,3.0,3.1,3.0,3.1,3.0,3.1,3.0
132,3.2,3.1,3.2,3.1,3.2,3.1,3.1,3.1,3.1,3.0,3.0,3.0,2.9,3.0,2.9,2.9,2.9,3.1,3.1,3.1,3.1,3.1,3.1,3.1,3.1,3.1,3.1,3.1,3.2,3.1,3.2,3.0
133,3.2,3.2,3.2,3.2,3.2,3.1,3.2,3.1,3.2,3.0,3.0,3.0,2.9,2.9,2.9,3.0,3.1,3.0,3.1,3.1,3.1,3.0,3.1,3.1,3.0,3.1,3.1,3.0,3.1,3.1,3.1,3.0
134,3.2,3.2,3.2,3.2,3.2,3.2,3.2,3.2,3.2,3.0,3.0,3.0,2.9,2.9,3.0,3.0,3.1,3.0,3.0,3.1,3.0,3.1,3.1,3.1,3.0,3.0,3.0,3.1,3.1,3.1,3.1,3.0
135,3.2,3.2,3.1,3.2,3.1,3.2,3.2,3.2,3.1,3.1,3.1,3.1,3.1,3.0,3.1,3.0,3.1,3.0,3.1,3.1,3.0,3.1,2.9,3.0,3.0,3.0,3.0,3.0,3.1,3.0,3.0,2.9
136,3.0,3.0,3.1,3.1,3.1,3.1,3.1,3.1,3.1,3.1,3.0,3.0,3.0,2.9,2.9,2.9,3.0,3.0,3.1,3.1,3.1,3.1,3.1,3.1,3.1,3.1,3.1,3.2,3.2,3.2,3.2,3.1
137,3.2,3.1,3.1,3.1,3.1,3.2,3.2,3.2,3.1,3.1,3.1,3.0,2.9,2.9,3.0,2.9,3.0,3.0,3.1,3.0,3.1,3.1,3.1,3.1,3.1,3.1,3.1,3.1,3.1,3.1,3.1,3.1
138,3.2,3.1,3.1,3.1,3.1,3.2,3.1,3.2,3.1,3.1,3.0,3.0,2.9,2.9,3.0,2.9,3.0,3.0,3.1,3.1,3.1,3.1,3.0,3.1,3.1,3.1,3.1,3.1,3.1,3.1,3.1,3.1
139,3.2,3.2,3.2,3.2,3.1,3.1,3.1,3.1,3.1,3.0,3.0,3.0,2.9,3.0,2.9,2.9,2.9,3.0,3.1,3.1,3.1,3.1,3.1,3.1,3.1,3.1,3.1,3.2,3.1,3.1,3.1,3.1
140,3.2,3.1,3.1,3.2,3.2,3.2,3.1,3.2,3.1,3.1,3.0,2.9,2.9,3.0,2.9,2.9,3.0,3.0,3.1,3.1,3.1,3.1,3.0,3.0,3.0,3.1,3.1,3.1,3.1,3.1,3.1,3.1
141,3.3,3.2,3.2,3.2,3.2,3.1,3.2,3.1,3.1,3.1,3.0,3.0,3.0,3.0,3.0,3.0,3.0,3.0,3.1,3.1,3.1,3.1,3.1,3.1,3.1,3.1,3.0,3.0,3.0,3.0,3.0,3.0
142,3.2,3.2,3.2,3.2,3.2,3.1,3.2,3.2,3.1,3.1,3.0,3.0,3.0,3.0,3.1,3.1,3.1,3.1,3.1,3.0,3.1,3.1,3.0,3.0,3.1,3.1,3.0,3.0,3.0,3.0,2.9,2.9
143,3.2,3.1,3.2,3.2,3.1,3.1,3.1,3.1,3.1,3.0,3.1,3.0,3.0,2.9,3.0,2.9,3.0,3.0,3.0,3.1,3.1,3.1,3.1,3.1,3.1,3.1,3.1,3.1,3.1,3.1,3.1,3.0
144,3.1,3.1,3.1,3.2,3.2,3.1,3.2,3.2,3.2,3.1,3.1,3.0,2.9,2.9,2.9,2.9,3.0,3.0,3.0,3.1,3.1,3.0,3.1,3.0,3.0,3.1,3.1,3.0,3.1,3.1,3.2,3.1
145,3.1,3.1,3.1,3.1,3.2,3.1,3.1,3.1,3.2,3.1,3.0,3.0,2.9,2.9,3.0,3.0,3.0,3.0,3.1,3.0,3.0,3.0,3.1,3.1,3.1,3.1,3.1,3.1,3.2,3.2,3.1,3.1
146,3.2,3.2,3.2,3.2,3.3,3.1,3.1,3.0,3.0,3.0,3.0,3.0,2.9,3.0,2.9,2.9,3.0,3.1,3.1,3.1,3.1,3.1,3.1,3.1,3.2,3.1,3.1,3.2,3.1,3.1,3.1,3.0
147,3.1,3.2,3.2,3.1,3.2,3.1,3.1,3.1,3.2,3.0,3.0,2.9,3.0,2.9,2.9,2.9,3.0,3.0,3.0,3.1,3.1,3.2,3.1,3.1,3.0,3.2,3.1,3.1,3.2,3.1,3.1,3.0
148,3.1,3.1,3.2,3.2,3.1,3.1,3.1,3.1,3.2,3.0,2.9,2.9,2.9,2.9,2.9,2.9,3.1,3.1,3.1,3.1,3.2,3.2,3.1,3.1,3.1,3.1,3.2,3.1,3.1,3.1,3.1,2.9
149,3.1,3.1,3.1,3.2,3.0,3.1,3.1,3.1,3.1,3.0,3.0,3.0,3.0,2.9,3.0,3.0,3.1,3.0,3.0,3.1,3.2,3.2,3.2,3.2,3.2,3.1,3.1,3.1,3.2,3.1,3.0,3.0
150,3.1,3.1,3.1,3.1,3.1,3.1,3.2,3.1,3.1,3.0,3.1,3.0,2.9,2.9,3.0,3.0,3.0,3.1,3.1,3.2,3.1,3.2,3.2,3.1,3.0,3.0,3.1,3.0,3.0,3.1,3.1,3.1
151,3.2,3.2,3.2,3.2,3.2,3.2,3.1,3.2,3.2,3.0,3.0,3.0,3.0,3.0,3.0,3.0,3.1,3.1,3.1,3.1,3.2,3.1,3.0,3.1,3.0,3.1,3.0,3.0,3.1,3.0,3.1,3.0
152,3.2,3.3,3.2,3.2,3.2,3.2,3.2,3.1,3.1,3.0,3.1,2.9,2.9,2.9,2.9,2.9,2.9,3.0,3.0,3.1,3.1,3.1,3.0,3.1,3.2,3.1,3.1,3.1,3.1,3.1,3.1,2.9
153,3.3,3.4,3.2,3.2,3.2,3.2,3.2,3.2,3.2,3.1,3.1,3.0,2.9,2.9,3.0,2.9,3.0,3.0,3.1,3.0,3.1,3.1,3.1,3.0,3.0,3.0,3.0,3.1,3.0,3.0,3.0,3.0
154,3.0,3.3,3.2,3.3,3.3,3.4,3.3,3.4,3.3,3.2,3.1,3.1,3.0,2.9,3.0,3.0,3.2,3.1,3.1,3.1,3.1,3.0,2.9,2.9,3.0,3.0,3.0,3.0,2.9,2.9,2.9,2.8
155,2.8,2.7,2.9,3.0,2.9,3.0,3.0,3.0,2.9,2.8,2.9,2.9,2.8,2.8,2.7,2.7,2.8,2.7,2.8,2.6,2.8,3.5,3.5,3.5,3.5,3.5,3.5,3.5,3.5,3.5,3.5,3.5
156,3.1,3.1,3.1,3.1,3.1,3.1,3.1,3.1,3.1,3.1,3.1,3.1,3.1,3.1,3.1,3.1,3.1,3.1,3.1,3.1,3.1,3.1,3.1,3.1,3.1,3.1,3.1,3.1,3.1,3.1,3.1,3.1
157,3.1,3.1,3.1,3.1,3.1,3.1,3.1,3.1,3.1,3.1,3.1,3.1,3.1,3.1,3.1,3.1,3.1,3.1,3.1,3.1,3.1,3.1,3.1,3.1,3.1,3.1,3.1,3.1,3.1,3.1,3.1,3.1
158,3.1,3.1,3.1,3.1,3.1,3.1,3.1,3.1,3.1,3.1,3.1,3.1,3.1,3.1,3.1,3.1,3.1,3.1,3.1,3.1,3.1,3.1,3.1,3.1,3.1,3.1,3.1,3.1,3.1,3.1,3.1,3.1
159,3.1,3.1,3.1,3.1,3.1,3.1,3.1,3.1,3.1,3.1,3.1,3.1,3.1,3.1,3.1,3.1,3.1,3.1,3.1,3.1,3.1,3.1,3.1,3.1,3.1,3.1,3.1,3.1,3.1,3.1,3.1,3.1
160,2.9,2.9,2.9,2.9,2.9,3.0,3.1,3.1,3.1,3.1,3.1,3.0,2.9,3.1,3.1,3.2,3.1,3.1,3.1,3.1,3.1,3.2,3.1,3.0,3.1,3.1,3.1,3.1,3.1,3.2,3.2,3.2
161,3.0,3.1,3.0,3.0,3.0,3.0,3.0,3.1,3.1,3.1,3.0,3.0,3.1,3.0,3.2,3.1,3.2,3.2,3.2,3.1,3.2,3.2,3.2,3.2,3.0,3.0,3.0,3.1,3.1,3.1,3.1,3.1
162,3.0,3.0,3.1,3.1,3.2,3.2,3.1,3.1,3.1,3.0,3.0,3.0,3.0,3.0,3.1,3.0,3.0,3.1,3.1,3.2,3.1,3.2,3.2,3.2,3.1,3.0,3.1,2.9,3.1,3.0,3.0,3.0
163,3.0,3.0,3.0,3.0,3.0,3.0,3.1,3.1,3.1,3.1,3.1,3.1,3.0,3.0,3.0,3.0,3.0,3.1,3.1,3.1,3.1,3.1,3.2,3.1,3.1,3.1,3.2,3.2,3.1,3.1,3.2,3.1
164,3.1,3.1,3.1,3.1,3.0,3.1,3.1,3.1,3.1,3.0,3.0,3.0,3.0,3.0,3.0,2.9,3.0,3.0,3.1,3.1,3.1,3.1,3.1,3.1,3.2,3.1,3.1,3.1,3.1,3.1,3.1,3.1
165,3.0,3.0,3.1,3.1,3.1,3.2,3.2,3.2,3.2,3.1,3.0,3.0,3.0,2.9,2.9,3.0,3.0,3.0,2.9,3.1,3.1,3.1,3.1,3.1,3.1,3.0,3.1,3.1,3.1,3.1,3.1,3.0
166,3.0,3.1,3.1,3.1,3.1,3.2,3.1,3.1,3.1,3.1,3.1,3.0,2.9,2.9,2.9,3.0,2.9,3.0,3.1,3.1,3.1,3.1,3.1,3.2,3.1,3.1,3.1,3.1,3.1,3.3,3.1,3.1
167,3.1,3.1,3.1,3.1,3.2,3.2,3.2,3.1,3.2,3.0,2.9,2.9,2.8,2.8,2.9,3.0,2.9,3.0,3.0,3.1,3.1,3.1,3.2,3.1,3.1,3.2,3.1,3.2,3.3,3.2,3.1,3.1
168,3.0,3.0,3.0,3.0,3.0,3.0,3.0,3.0,3.1,3.0,2.9,2.9,2.8,2.9,2.8,2.8,2.9,3.0,3.0,3.1,3.1,3.2,3.2,3.3,3.3,3.2,3.2,3.3,3.3,3.3,3.2,3.2
169,3.1,3.1,3.2,3.2,3.2,3.1,3.1,3.1,3.2,3.0,3.0,3.0,3.0,3.0,2.9,3.0,3.0,3.1,3.1,3.2,3.1,3.1,3.1,3.1,3.1,3.0,3.0,3.2,3.0,3.0,3.0,2.9
170,3.1,3.1,3.2,3.2,3.2,3.1,3.3,3.2,3.1,3.0,3.1,3.0,3.0,3.0,3.0,3.0,3.0,3.0,3.0,3.1,3.0,3.1,3.1,3.1,3.1,3.1,3.0,3.1,3.1,3.1,3.1,3.0
171,3.0,3.1,3.1,3.1,3.1,3.2,3.2,3.2,3.1,3.0,2.9,3.1,3.0,2.9,2.9,2.8,2.9,3.0,3.0,3.1,3.2,3.1,3.2,3.2,3.1,3.1,3.1,3.2,3.2,3.2,3.2,3.1
172,3.1,3.1,3.1,3.1,3.2,3.2,3.2,3.1,3.1,3.1,3.1,3.0,2.9,2.9,2.9,2.9,3.0,3.0,3.0,3.2,3.1,3.1,3.1,3.1,3.0,3.1,3.1,3.1,3.1,3.1,3.2,3.2
173,3.2,3.1,3.2,3.0,3.1,3.1,3.1,3.1,3.0,3.1,3.1,2.9,2.9,2.9,2.9,2.9,2.9,2.9,3.2,3.2,3.2,3.1,3.2,3.2,3.1,3.1,3.1,3.2,3.1,3.1,3.1,3.1
174,3.2,3.1,3.1,3.1,3.1,3.1,3.1,3.1,3.1,3.0,3.0,2.9,2.9,2.9,2.9,2.9,2.9,3.0,3.0,3.1,3.1,3.2,3.1,3.3,3.1,3.2,3.2,3.2,3.1,3.1,3.2,3.0
175,3.1,3.1,3.1,3.1,3.0,3.1,3.1,3.1,3.1,3.0,2.9,2.9,2.9,3.0,2.9,3.0,3.0,3.1,3.2,3.1,3.2,3.2,3.1,3.2,3.2,3.1,3.2,3.1,3.1,3.1,3.1,3.1
176,3.1,3.1,3.1,3.2,3.1,3.0,3.1,3.0,3.1,3.0,3.1,3.0,3.0,3.0,3.0,2.9,3.0,3.0,3.1,3.2,3.1,3.1,3.1,3.1,3.2,3.2,3.2,3.1,3.2,3.1,3.2,3.1
177,3.3,3.3,3.3,3.2,3.1,3.2,3.1,3.2,3.2,3.2,3.3,3.1,3.0,3.0,3.0,2.9,2.9,3.1,3.1,3.0,3.0,2.8,2.8,2.8,3.0,2.9,3.0,3.1,3.1,3.0,3.0,2.9
178,3.0,3.0,3.0,3.0,3.0,2.9,3.0,3.0,3.0,3.1,3.0,3.0,2.8,2.9,3.0,3.0,3.0,3.1,3.1,3.1,3.2,3.2,3.2,3.1,3.2,3.1,3.2,3.2,3.3,3.2,3.3,3.3
179,3.0,3.1,3.0,3.0,3.1,3.1,3.1,3.0,3.1,3.1,3.0,3.0,3.0,2.9,3.0,3.0,3.0,3.0,3.1,3.1,3.1,3.1,3.2,3.2,3.2,3.1,3.1,3.2,3.1,3.2,3.1,3.0
180,3.2,3.2,3.2,3.0,2.7,2.7,2.9,3.0,3.1,3.0,3.1,3.1,3.0,3.0,3.1,3.1,3.2,3.6,3.6,3.5,3.4,3.3,3.2,3.2,3.1,2.9,3.1,2.6,2.8,2.7,2.9,2.9
181,3.2,3.1,3.1,3.0,3.1,3.1,3.1,3.1,3.0,3.0,3.0,3.0,3.0,2.9,3.0,3.0,3.0,3.0,3.1,3.1,3.1,3.0,3.1,3.1,3.2,3.2,3.2,3.2,3.2,3.2,3.1,3.1
182,3.0,2.7,2.7,2.7,2.9,3.0,3.0,3.1,3.1,3.0,3.0,3.0,2.9,3.0,2.9,2.9,3.0,3.0,3.5,3.5,3.6,3.5,3.3,3.2,3.2,3.1,3.2,3.1,3.1,3.1,3.1,3.0
183,3.2,3.3,3.3,3.2,3.1,3.2,3.2,3.2,3.1,3.0,3.1,3.0,3.1,2.9,3.0,3.0,3.0,3.1,3.1,3.0,3.0,3.0,3.1,3.0,3.0,3.0,3.0,3.0,2.9,3.0,3.1,3.0
184,3.1,3.1,3.1,3.1,3.1,3.1,3.2,3.1,3.1,3.0,3.0,3.0,2.9,3.1,2.9,3.1,3.1,3.1,3.1,3.1,3.1,3.0,3.1,3.0,3.1,3.0,3.0,3.0,3.1,3.1,3.1,3.1
185,2.6,2.7,2.7,2.9,3.0,2.9,3.0,3.2,3.6,3.5,3.5,3.4,3.0,2.9,2.9,2.9,3.0,3.3,3.1,3.2,3.2,3.1,3.1,3.0,3.0,3.0,3.1,3.1,3.1,3.1,3.1,3.1
186,3.2,3.3,3.2,3.2,3.2,3.1,3.2,3.2,3.2,3.1,3.1,3.1,3.0,3.0,3.1,3.0,3.1,3.1,3.1,3.1,3.1,3.1,3.1,3.1,2.7,2.7,2.7,2.8,3.0,3.0,3.1,3.1
187,3.1,3.0,3.0,3.0,3.1,3.0,3.1,3.0,3.1,2.9,3.2,3.1,2.9,2.9,3.0,3.0,3.1,3.2,3.2,3.2,3.1,3.1,3.1,3.1,3.1,3.1,3.1,3.1,3.1,3.1,3.2,3.1
188,3.2,3.2,3.1,3.1,3.1,3.1,3.1,3.0,3.1,3.0,2.9,2.8,2.9,3.0,3.0,2.9,3.0,3.0,3.1,3.1,3.2,3.2,3.2,3.1,3.1,3.1,3.0,3.2,3.1,3.2,3.1,3.1
189,3.2,3.1,3.2,3.2,3.1,3.2,3.1,3.2,3.1,3.0,3.0,3.0,3.0,3.0,2.9,2.9,3.0,3.0,3.0,3.0,3.1,3.1,3.1,3.1,3.1,3.0,3.1,3.1,3.1,3.1,3.2,3.1
190,3.2,3.0,3.2,3.1,3.2,3.2,3.2,3.2,3.1,3.1,3.1,3.1,3.0,3.0,3.1,2.9,3.1,3.0,3.1,3.1,3.1,3.1,3.0,3.0,3.1,3.0,3.1,3.1,3.0,3.1,3.1,3.0
191,3.1,3.1,3.1,3.2,3.2,3.1,3.1,3.1,3.1,3.1,3.1,3.1,3.1,3.0,3.0,3.1,3.1,3.0,3.1,3.1,3.1,3.0,3.0,3.0,3.1,3.0,3.1,3.0,3.1,3.1,3.1,3.0
